{
  "sections": {
    "hero": {
      "type": "mindbrew-hero",
      "settings": {
        "heading": "Fuel Your Focus, Naturally",
        "subheading": "Mushroom coffee that tastes like coffee. Lion's Mane + Chaga for clarity and calm energy.",
        "primary_label": "Shop now",
        "primary_link": "/collections/all",
        "secondary_label": "Learn more",
        "secondary_link": "/pages/about"
      }
    },
    "benefits": {
      "type": "mindbrew-benefits",
      "blocks": {
        "b1": {
          "type": "benefit",
          "settings": {
            "title": "Clarity",
            "text": "Lion's Mane supports focus and memory."
          }
        },
        "b2": {
          "type": "benefit",
          "settings": {
            "title": "Calm energy",
            "text": "Half the caffeine, zero jitters."
          }
        },
        "b3": {
          "type": "benefit",
          "settings": {
            "title": "Great taste",
            "text": "100% Arabica with smooth, nutty notes."
          }
        }
      },
      "block_order": [
        "b1",
        "b2",
        "b3"
      ],
      "settings": {}
    },
    "promo": {
      "type": "mindbrew-product-promo",
      "blocks": {
        "p1": {
          "type": "point",
          "settings": {
            "point": "1200 mg mushrooms per serving"
          }
        },
        "p2": {
          "type": "point",
          "settings": {
            "point": "Roasted in the USA"
          }
        },
        "p3": {
          "type": "point",
          "settings": {
            "point": "Brew it your way: drip, pour-over, French press"
          }
        }
      },
      "block_order": [
        "p1",
        "p2",
        "p3"
      ],
      "settings": {
        "heading": "Meet MindBrew Mushroom Coffee",
        "button_label": "Add to cart",
        "button_link": "/collections/all"
      }
    },
    "testimonials": {
      "type": "mindbrew-testimonials",
      "blocks": {
        "t1": {
          "type": "quote",
          "settings": {
            "quote": "I swapped my 2pm coffee for MindBrew and my focus skyrocketed.",
            "author": "Leah R."
          }
        },
        "t2": {
          "type": "quote",
          "settings": {
            "quote": "Real coffee taste. No crash.",
            "author": "Dev B."
          }
        }
      },
      "block_order": [
        "t1",
        "t2"
      ],
      "settings": {}
    }
  },
  "order": [
    "hero",
    "benefits",
    "promo",
    "testimonials"
  ]
}