{
  "sections": {
    "rich-text": {
      "type": "rich-text",
      "blocks": {
        "heading": {
          "type": "heading",
          "settings": {
            "heading": "Policies"
          }
        },
        "text": {
          "type": "text",
          "settings": {
            "text": "Shipping: 1\u20132 business days processing. Returns: 30 days unopened; contact support for issues. Privacy & Terms available via footer links."
          }
        }
      },
      "block_order": [
        "heading",
        "text"
      ],
      "settings": {
        "narrow": true
      }
    }
  },
  "order": [
    "rich-text"
  ]
}