{
  "sections": {
    "faq": {
      "type": "collapsible-content",
      "blocks": {
        "q1": {
          "type": "collapsible_row",
          "settings": {
            "heading": "Does it taste like mushrooms?",
            "row_content": "No. It tastes like smooth, nutty coffee. The mushrooms are extracts that support benefits without altering flavor."
          }
        },
        "q2": {
          "type": "collapsible_row",
          "settings": {
            "heading": "How much caffeine?",
            "row_content": "About half of a regular cup (around 45 mg per 8 oz)."
          }
        },
        "q3": {
          "type": "collapsible_row",
          "settings": {
            "heading": "Is it vegan and gluten-free?",
            "row_content": "Yes. Our formula is plant-based and gluten-free."
          }
        },
        "q4": {
          "type": "collapsible_row",
          "settings": {
            "heading": "Shipping & returns",
            "row_content": "We ship within 1\u20132 business days. 30-day satisfaction guarantee."
          }
        }
      },
      "block_order": [
        "q1",
        "q2",
        "q3",
        "q4"
      ],
      "settings": {
        "heading": "Frequently asked questions"
      }
    }
  },
  "order": [
    "faq"
  ]
}