{
  "sections": {
    "rich-text": {
      "type": "rich-text",
      "blocks": {
        "heading": {
          "type": "heading",
          "settings": {
            "heading": "Why MindBrew"
          }
        },
        "text": {
          "type": "text",
          "settings": {
            "text": "We blend premium 100% Arabica coffee with functional mushrooms to deliver clean energy and calm focus\u2014without sacrificing flavor. Roasted in small batches, formulated for clarity, crafted for your daily ritual."
          }
        }
      },
      "block_order": [
        "heading",
        "text"
      ],
      "settings": {
        "narrow": true
      }
    }
  },
  "order": [
    "rich-text"
  ]
}