{
  "sections": {
    "main": {
      "type": "main-product",
      "blocks": {
        "title": {
          "type": "title"
        },
        "price": {
          "type": "price"
        },
        "variant_picker": {
          "type": "variant_picker"
        },
        "buy_buttons": {
          "type": "buy_buttons"
        },
        "description": {
          "type": "description"
        },
        "icons": {
          "type": "collapsible_tab",
          "settings": {
            "heading": "Benefits",
            "content": "\u2022 Focus and clarity (Lion's Mane)\n\u2022 Calm energy (Chaga)\n\u2022 Smooth Arabica flavor"
          }
        },
        "brew": {
          "type": "collapsible_tab",
          "settings": {
            "heading": "How to brew",
            "content": "Use 1\u20132 tbsp per 8 oz water. Brew via drip, pour-over, or French press."
          }
        },
        "shipping": {
          "type": "collapsible_tab",
          "settings": {
            "heading": "Shipping & returns",
            "content": "Ships within 1\u20132 business days. 30-day satisfaction guarantee."
          }
        }
      },
      "block_order": [
        "title",
        "price",
        "variant_picker",
        "buy_buttons",
        "description",
        "icons",
        "brew",
        "shipping"
      ],
      "settings": {
        "enable_sticky_info": true
      }
    },
    "related": {
      "type": "related-products",
      "settings": {}
    }
  },
  "order": [
    "main",
    "related"
  ]
}